project_code,week_start,week_end,week_num,weekly_progress,cumulative_progress,active_tasks,new_starts,overdue_tasks,month,avg_task_dur,total_remaining_work,delay_ratio_to_date,completed_this_week
N812,2022-09-12,2022-09-18,1,0.0,0.0,3,3,0,9,4.333333333333333,13,1.0,1
N812,2022-09-19,2022-09-25,2,0.0,0.0,2,0,1,9,5.5,11,1.0,1
N812,2022-09-26,2022-10-02,3,4e-05,4e-05,5,4,2,9,5.8,29,1.0,3
N812,2022-10-03,2022-10-09,4,0.0,4e-05,3,1,2,10,17.0,51,1.0,0
N812,2022-10-10,2022-10-16,5,0.0,4e-05,4,1,2,10,20.25,81,1.0,0
N812,2022-10-17,2022-10-23,6,0.00393,0.00397,4,0,2,10,20.25,81,1.0,1
N812,2022-10-24,2022-10-30,7,0.003978,0.007948,5,2,2,10,13.6,68,0.896,2
N812,2022-10-31,2022-11-06,8,0.007887,0.015836,8,5,2,10,8.375,67,1.71,4
N812,2022-11-07,2022-11-13,9,0.009049,0.024885,7,3,2,11,12.285714285714286,86,1.387,4
N812,2022-11-14,2022-11-20,10,3.4e-05,0.024919,10,7,2,11,10.7,107,1.38,2
N812,2022-11-21,2022-11-27,11,0.003946,0.028866,13,5,2,11,12.076923076923077,157,1.342,3
N812,2022-11-28,2022-12-04,12,0.00124,0.030105,14,4,2,11,13.571428571428571,190,1.308,3
N812,2022-12-05,2022-12-11,13,0.013833,0.043938,18,7,2,12,19.61111111111111,353,1.602,6
N812,2022-12-12,2022-12-18,14,0.01793,0.061868,19,7,2,12,23.68421052631579,450,1.51,7
N812,2022-12-19,2022-12-25,15,0.011142,0.073011,18,6,2,12,25.38888888888889,457,1.355,6
N812,2022-12-26,2023-01-01,16,0.001981,0.074992,19,7,2,12,27.842105263157894,529,1.275,4
N812,2023-01-02,2023-01-08,17,0.006972,0.081963,18,3,2,1,30.0,540,1.218,5
N812,2023-01-09,2023-01-15,18,0.004523,0.086486,18,5,2,1,32.611111111111114,587,1.195,3
N812,2023-01-16,2023-01-22,19,0.010675,0.097162,17,2,2,1,33.705882352941174,573,1.114,6
N812,2023-01-23,2023-01-29,20,0.006049,0.103211,17,6,2,1,32.05882352941177,545,1.104,4
N812,2023-01-30,2023-02-05,21,0.004742,0.107953,20,7,2,1,33.95,679,1.096,3
N812,2023-02-06,2023-02-12,22,0.002089,0.110042,23,6,2,2,32.0,736,1.121,3
N812,2023-02-13,2023-02-19,23,0.002811,0.112853,23,3,2,2,33.869565217391305,779,1.075,2
N812,2023-02-20,2023-02-26,24,0.013267,0.12612,26,5,2,2,32.53846153846154,846,1.072,6
N812,2023-02-27,2023-03-05,25,0.014321,0.14044,28,8,2,2,33.67857142857143,943,1.069,6
N812,2023-03-06,2023-03-12,26,0.007245,0.147685,27,5,2,3,30.814814814814813,832,1.053,4
N812,2023-03-13,2023-03-19,27,0.010129,0.157815,29,6,2,3,28.413793103448278,824,1.038,5
N812,2023-03-20,2023-03-26,28,0.015232,0.173047,32,8,2,3,27.59375,883,1.028,7
N812,2023-03-27,2023-04-02,29,0.008625,0.181672,38,13,2,3,25.473684210526315,968,1.059,8
N812,2023-04-03,2023-04-09,30,0.007959,0.189632,39,9,2,4,24.923076923076923,972,1.043,8
N812,2023-04-10,2023-04-16,31,0.031071,0.220703,43,12,2,4,23.58139534883721,1014,1.111,16
N812,2023-04-17,2023-04-23,32,0.011295,0.231998,35,8,2,4,24.542857142857144,859,1.099,8
N812,2023-04-24,2023-04-30,33,0.011429,0.243427,35,8,2,4,26.057142857142857,912,1.068,7
N812,2023-05-01,2023-05-07,34,0.006036,0.249464,37,9,2,5,30.27027027027027,1120,1.095,4
N812,2023-05-08,2023-05-14,35,0.011407,0.260871,37,4,2,5,33.108108108108105,1225,1.116,7
N812,2023-05-15,2023-05-21,36,0.010343,0.271213,45,15,2,5,31.88888888888889,1435,1.179,6
N812,2023-05-22,2023-05-28,37,0.036157,0.30737,51,12,2,5,31.54901960784314,1609,1.175,15
N812,2023-05-29,2023-06-04,38,0.023215,0.330585,48,12,2,5,32.083333333333336,1540,1.14,12
N812,2023-06-05,2023-06-11,39,0.013962,0.344548,55,19,2,6,29.545454545454547,1625,1.148,9
N812,2023-06-12,2023-06-18,40,0.019885,0.364433,57,11,2,6,30.0,1710,1.13,13
N812,2023-06-19,2023-06-25,41,0.00192,0.366353,48,4,2,6,31.395833333333332,1507,1.134,2
N812,2023-06-26,2023-07-02,42,0.01206,0.378412,75,29,2,6,30.386666666666667,2279,1.147,9
N812,2023-07-03,2023-07-09,43,0.014105,0.392517,71,5,2,7,31.3943661971831,2229,1.14,8
N812,2023-07-10,2023-07-16,44,0.008005,0.400522,73,10,2,7,30.753424657534246,2245,1.146,5
N812,2023-07-17,2023-07-23,45,0.007196,0.407717,87,19,2,7,31.71264367816092,2759,1.148,3
N812,2023-07-24,2023-07-30,46,0.039138,0.446855,112,28,2,7,29.767857142857142,3334,1.193,17
N812,2023-07-31,2023-08-06,47,0.03955,0.486405,109,14,2,7,29.009174311926607,3162,1.209,20
N812,2023-08-07,2023-08-13,48,0.034901,0.521306,104,15,2,8,28.85576923076923,3001,1.241,20
N812,2023-08-14,2023-08-20,49,0.052772,0.574078,97,13,2,8,27.54639175257732,2672,1.301,24
N812,2023-08-21,2023-08-27,50,0.045213,0.61929,87,14,2,8,27.79310344827586,2418,1.305,15
N812,2023-08-28,2023-09-03,51,0.084211,0.703501,86,14,2,8,27.802325581395348,2391,1.291,35
N812,2023-09-04,2023-09-10,52,0.030923,0.734424,58,7,2,9,22.5,1305,1.316,16
N812,2023-09-11,2023-09-17,53,0.074995,0.809419,51,9,2,9,20.313725490196077,1036,1.336,31
N812,2023-09-18,2023-09-24,54,0.045501,0.85492,27,7,2,9,18.40740740740741,497,1.34,13
N812,2023-09-25,2023-10-01,55,0.024785,0.879705,18,4,2,9,19.88888888888889,358,1.33,7
N812,2023-10-02,2023-10-08,56,0.005271,0.884976,15,4,2,10,15.6,234,1.327,2
N812,2023-10-09,2023-10-15,57,0.027911,0.912888,23,10,2,10,13.521739130434783,311,1.33,12
N812,2023-10-16,2023-10-22,58,0.002572,0.91546,15,4,2,10,16.6,249,1.327,4
N812,2023-10-23,2023-10-29,59,0.001764,0.917224,11,0,2,10,20.0,220,1.328,2
N812,2023-10-30,2023-11-05,60,0.001216,0.91844,10,1,2,10,23.5,235,1.327,1
N812,2023-11-06,2023-11-12,61,0.003953,0.922393,9,0,2,11,23.88888888888889,215,1.334,1
N812,2023-11-13,2023-11-19,62,0.00973,0.932123,11,3,2,11,24.09090909090909,265,1.333,3
N812,2023-11-20,2023-11-26,63,0.011199,0.943321,9,1,2,11,23.333333333333332,210,1.343,3
N812,2023-11-27,2023-12-03,64,0.000684,0.944005,10,4,2,11,16.9,169,1.343,1
N812,2023-12-04,2023-12-10,65,0.0,0.944005,10,1,2,12,17.6,176,1.343,0
N812,2023-12-11,2023-12-17,66,0.011858,0.955863,10,0,2,12,17.6,176,1.345,5
N812,2023-12-18,2023-12-24,67,0.0,0.955863,6,1,2,12,29.166666666666668,175,1.345,0
N812,2023-12-25,2023-12-31,68,0.002179,0.958042,7,1,2,12,25.714285714285715,180,1.345,1
N812,2024-01-01,2024-01-07,69,0.003677,0.961718,6,0,2,1,25.833333333333332,155,1.375,2
N812,2024-01-08,2024-01-14,70,0.000276,0.961994,6,2,2,1,23.333333333333332,140,1.391,1
N812,2024-01-15,2024-01-21,71,0.000436,0.96243,7,2,2,1,23.142857142857142,162,1.391,1
N812,2024-01-22,2024-01-28,72,0.0,0.96243,7,1,2,1,25.285714285714285,177,1.391,0
N812,2024-01-29,2024-02-04,73,0.005011,0.96744,7,0,2,1,25.285714285714285,177,1.394,3
N812,2024-02-05,2024-02-11,74,0.0,0.96744,4,0,2,2,36.25,145,1.394,0
N812,2024-02-12,2024-02-18,75,0.0,0.96744,4,0,2,2,36.25,145,1.394,0
N812,2024-02-19,2024-02-25,76,0.001598,0.969038,6,2,2,2,25.833333333333332,155,1.393,2
N812,2024-02-26,2024-03-03,77,0.0,0.969038,6,2,2,2,26.666666666666668,160,1.393,0
N812,2024-03-04,2024-03-10,78,0.005574,0.974612,6,0,2,3,26.666666666666668,160,1.396,2
N812,2024-03-11,2024-03-17,79,0.008919,0.983531,6,2,2,3,22.833333333333332,137,1.405,5
N812,2024-03-18,2024-03-24,80,0.004611,0.988142,2,1,3,3,4.0,8,1.405,2
N686A,2023-08-07,2023-08-13,1,2e-05,2e-05,16,16,0,8,25.8125,413,1.0,2
N686A,2023-08-14,2023-08-20,2,0.0,2e-05,14,0,1,8,29.285714285714285,410,1.0,3
N686A,2023-08-21,2023-08-27,3,0.0,2e-05,11,0,4,8,35.45454545454545,390,1.0,0
N686A,2023-08-28,2023-09-03,4,0.010969,0.010989,12,1,4,8,35.833333333333336,430,0.05,5
N686A,2023-09-04,2023-09-10,5,2e-05,0.011009,9,2,8,9,43.0,387,0.075,2
N686A,2023-09-11,2023-09-17,6,0.0,0.011009,7,0,9,9,51.0,357,0.075,1
N686A,2023-09-18,2023-09-24,7,0.0,0.011009,6,0,10,9,53.666666666666664,322,0.075,3
N686A,2023-09-25,2023-10-01,8,0.000135,0.011144,4,1,13,9,49.5,198,0.098,1
N686A,2023-10-02,2023-10-08,9,0.000532,0.011676,5,2,13,10,41.0,205,0.245,4
N686A,2023-10-09,2023-10-15,10,1.6e-05,0.011692,4,3,15,10,38.25,153,0.26,1
N686A,2023-10-16,2023-10-22,11,0.0,0.011692,5,2,15,10,35.4,177,0.26,0
N686A,2023-10-23,2023-10-29,12,0.001046,0.012738,7,2,15,10,55.57142857142857,389,0.383,1
N686A,2023-10-30,2023-11-05,13,0.012558,0.025297,8,2,15,10,49.375,395,0.513,2
N686A,2023-11-06,2023-11-12,14,0.010952,0.036248,6,0,15,11,63.166666666666664,379,0.651,1
N686A,2023-11-13,2023-11-19,15,0.001809,0.038057,11,6,15,11,35.63636363636363,392,0.702,4
N686A,2023-11-20,2023-11-26,16,0.000549,0.038607,14,7,15,11,40.57142857142857,568,0.723,3
N686A,2023-11-27,2023-12-03,17,0.001066,0.039673,17,6,15,11,36.76470588235294,625,0.752,4
N686A,2023-12-04,2023-12-10,18,0.013604,0.053277,15,2,15,12,42.0,630,0.76,2
N686A,2023-12-11,2023-12-17,19,0.000969,0.054246,19,6,15,12,37.36842105263158,710,0.78,1
N686A,2023-12-18,2023-12-24,20,0.013513,0.067759,23,5,15,12,32.17391304347826,740,0.868,3
N686A,2023-12-25,2023-12-31,21,0.027532,0.095291,21,1,15,12,34.42857142857143,723,1.133,7
N686A,2024-01-01,2024-01-07,22,0.001586,0.096877,14,0,15,1,36.07142857142857,505,1.208,3
N686A,2024-01-08,2024-01-14,23,0.008307,0.105184,17,6,15,1,34.1764705882353,581,1.134,4
N686A,2024-01-15,2024-01-21,24,0.029245,0.134429,15,2,15,1,37.53333333333333,563,1.346,4
N686A,2024-01-22,2024-01-28,25,0.005826,0.140255,13,2,15,1,38.30769230769231,498,1.313,3
N686A,2024-01-29,2024-02-04,26,0.014287,0.154542,13,3,15,1,38.30769230769231,498,1.305,5
N686A,2024-02-05,2024-02-11,27,0.002637,0.157179,9,1,15,2,51.44444444444444,463,1.274,1
N686A,2024-02-12,2024-02-18,28,0.0,0.157179,9,1,15,2,51.44444444444444,463,1.274,0
N686A,2024-02-19,2024-02-25,29,0.0,0.157179,11,2,15,2,44.0,484,1.274,0
N686A,2024-02-26,2024-03-03,30,0.004243,0.161422,30,19,15,2,28.0,840,1.26,2
N686A,2024-03-04,2024-03-10,31,0.018802,0.180224,35,7,15,3,25.37142857142857,888,1.286,9
N686A,2024-03-11,2024-03-17,32,0.021978,0.202202,33,7,15,3,27.575757575757574,910,1.283,3
N686A,2024-03-18,2024-03-24,33,0.010989,0.213191,33,3,15,3,27.757575757575758,916,1.282,1
N686A,2024-03-25,2024-03-31,34,0.01386,0.227052,41,9,15,3,26.048780487804876,1068,1.277,7
N686A,2024-04-01,2024-04-07,35,0.006803,0.233855,41,7,15,4,26.73170731707317,1096,1.277,2
N686A,2024-04-08,2024-04-14,36,0.010197,0.244052,45,6,15,4,25.377777777777776,1142,1.28,4
N686A,2024-04-15,2024-04-21,37,0.001896,0.245947,47,6,15,4,29.72340425531915,1397,1.294,1
N686A,2024-04-22,2024-04-28,38,0.013462,0.259409,49,3,15,4,30.46938775510204,1493,1.317,4
N686A,2024-04-29,2024-05-05,39,0.014663,0.274071,59,14,15,4,31.033898305084747,1831,1.297,6
N686A,2024-05-06,2024-05-12,40,0.025768,0.29984,65,12,15,5,30.892307692307693,2008,1.268,12
N686A,2024-05-13,2024-05-19,41,0.003124,0.302964,60,7,15,5,31.733333333333334,1904,1.283,2
N686A,2024-05-20,2024-05-26,42,0.037532,0.340496,60,2,15,5,32.266666666666666,1936,1.324,8
N686A,2024-05-27,2024-06-02,43,0.013318,0.353813,62,10,15,5,30.56451612903226,1895,1.294,5
N686A,2024-06-03,2024-06-09,44,0.027257,0.38107,60,3,15,6,29.666666666666668,1780,1.391,5
N686A,2024-06-10,2024-06-16,45,0.00968,0.390751,64,9,15,6,30.46875,1950,1.445,4
N686A,2024-06-17,2024-06-23,46,0.038768,0.429519,63,3,15,6,30.03174603174603,1892,1.757,11
N686A,2024-06-24,2024-06-30,47,0.015219,0.444737,60,8,15,6,31.683333333333334,1901,1.77,5
N686A,2024-07-01,2024-07-07,48,0.02583,0.470567,75,20,15,7,29.32,2199,1.803,8
N686A,2024-07-08,2024-07-14,49,0.018851,0.489418,75,8,15,7,29.48,2211,1.826,8
N686A,2024-07-15,2024-07-21,50,0.039154,0.528571,74,7,15,7,29.554054054054053,2187,1.844,10
N686A,2024-07-22,2024-07-28,51,0.020944,0.549515,71,7,15,7,29.04225352112676,2062,1.875,7
N686A,2024-07-29,2024-08-04,52,0.051915,0.601431,67,3,15,7,30.104477611940297,2017,2.023,15
N686A,2024-08-05,2024-08-11,53,0.042324,0.643755,57,5,15,8,32.14035087719298,1832,2.115,12
N686A,2024-08-12,2024-08-18,54,0.019955,0.66371,47,2,15,8,36.97872340425532,1738,2.085,5
N686A,2024-08-19,2024-08-25,55,0.005651,0.66936,44,2,15,8,36.20454545454545,1593,2.063,1
N686A,2024-08-26,2024-09-01,56,0.038495,0.707855,46,3,15,8,34.47826086956522,1586,1.983,9
N686A,2024-09-02,2024-09-08,57,0.011533,0.719388,38,1,15,9,30.736842105263158,1168,1.975,2
N686A,2024-09-09,2024-09-15,58,0.004951,0.724338,36,0,15,9,31.055555555555557,1118,1.97,1
N686A,2024-09-16,2024-09-22,59,0.026654,0.750992,37,2,15,9,30.62162162162162,1133,1.998,5
N686A,2024-09-23,2024-09-29,60,0.136154,0.887146,32,0,15,9,32.65625,1045,2.094,26
N686A,2024-09-30,2024-10-06,61,0.001231,0.888377,11,5,15,9,27.09090909090909,298,2.093,1
N686A,2024-10-07,2024-10-13,62,0.001758,0.890135,10,0,15,10,28.4,284,2.09,1
N686A,2024-10-14,2024-10-20,63,0.00459,0.894725,9,0,15,10,29.333333333333332,264,2.094,1
N686A,2024-10-21,2024-10-27,64,0.0,0.894725,8,0,15,10,31.125,249,2.094,0
N686A,2024-10-28,2024-11-03,65,0.005355,0.90008,8,0,15,10,31.125,249,2.121,1
N686A,2024-11-04,2024-11-10,66,0.0,0.90008,7,0,15,11,31.285714285714285,219,2.121,0
N686A,2024-11-11,2024-11-17,67,0.0,0.90008,7,0,15,11,31.285714285714285,219,2.121,0
N686A,2024-11-18,2024-11-24,68,0.0,0.90008,7,0,15,11,31.285714285714285,219,2.121,0
N686A,2024-11-25,2024-12-01,69,0.016623,0.916703,7,0,15,11,31.285714285714285,219,2.127,5
N686A,2024-12-02,2024-12-08,70,0.006399,0.923102,2,0,15,12,23.5,47,2.132,1
N686A,2024-12-09,2024-12-15,71,0.0,0.923102,1,0,15,12,30.0,30,2.132,0
N686A,2024-12-16,2024-12-22,72,0.0,0.923102,1,0,15,12,30.0,30,2.132,0
N686A,2024-12-23,2024-12-29,73,0.0,0.923102,1,0,15,12,30.0,30,2.132,0
N686A,2024-12-30,2025-01-05,74,0.0,0.923102,1,0,15,12,30.0,30,2.132,0
N686A,2025-01-06,2025-01-12,75,0.0,0.923102,1,0,15,1,30.0,30,2.132,0
N686A,2025-01-13,2025-01-19,76,0.0,0.923102,1,0,15,1,30.0,30,2.132,0
N686A,2025-01-20,2025-01-26,77,0.0,0.923102,1,0,15,1,30.0,30,2.132,0
N686A,2025-01-27,2025-02-02,78,0.0,0.923102,1,0,15,1,30.0,30,2.132,0
N686A,2025-02-03,2025-02-09,79,0.0,0.923102,1,0,15,2,30.0,30,2.132,0
N686A,2025-02-10,2025-02-16,80,0.0,0.923102,1,0,15,2,30.0,30,2.132,0
N686A,2025-02-17,2025-02-23,81,0.0,0.923102,1,0,15,2,30.0,30,2.132,0
N686A,2025-02-24,2025-03-02,82,0.0,0.923102,1,0,15,2,30.0,30,2.132,0
N686A,2025-03-03,2025-03-09,83,0.0,0.923102,1,0,15,3,30.0,30,2.132,0
N686A,2025-03-10,2025-03-16,84,0.0,0.923102,1,0,15,3,30.0,30,2.132,0
N686A,2025-03-17,2025-03-23,85,0.0,0.923102,1,0,15,3,30.0,30,2.132,0
N686A,2025-03-24,2025-03-30,86,0.0,0.923102,1,0,15,3,30.0,30,2.132,0
N686A,2025-03-31,2025-04-06,87,0.0,0.923102,1,0,15,3,30.0,30,2.132,0
N686A,2025-04-07,2025-04-13,88,0.0,0.923102,1,0,15,4,30.0,30,2.132,0
N686A,2025-04-14,2025-04-20,89,0.0,0.923102,1,0,15,4,30.0,30,2.132,0
N686A,2025-04-21,2025-04-27,90,0.0,0.923102,1,0,15,4,30.0,30,2.132,0
N686A,2025-04-28,2025-05-04,91,0.010964,0.934066,1,0,15,4,30.0,30,2.2,1
N686A,2025-05-05,2025-05-11,92,0.0,0.934066,0,0,15,5,0.0,0,2.2,0
N686A,2025-05-12,2025-05-18,93,0.0,0.934066,0,0,15,5,0.0,0,2.2,0
N686A,2025-05-19,2025-05-25,94,0.0,0.934066,1,1,15,5,18.0,18,2.2,0
N686A,2025-05-26,2025-06-01,95,0.0,0.934066,1,0,15,5,18.0,18,2.2,0
N686A,2025-06-02,2025-06-08,96,0.001444,0.93551,1,0,15,6,18.0,18,2.197,1
N791,2020-10-05,2020-10-11,1,0.0,0.0,13,13,0,10,9.384615384615385,122,1.0,10
N791,2020-10-12,2020-10-18,2,0.0,0.0,5,2,9,10,24.6,123,1.0,0
N791,2020-10-19,2020-10-25,3,0.0,0.0,6,1,9,10,20.5,123,1.0,2
N791,2020-10-26,2020-11-01,4,0.0,0.0,4,0,10,10,28.25,113,1.0,0
N791,2020-11-02,2020-11-08,5,0.0,0.0,5,1,10,11,25.6,128,1.0,0
N791,2020-11-09,2020-11-15,6,0.0,0.0,6,1,10,11,21.333333333333332,128,1.0,1
N791,2020-11-16,2020-11-22,7,0.0,0.0,5,0,10,11,25.6,128,1.0,0
N791,2020-11-23,2020-11-29,8,0.0,0.0,5,0,10,11,25.6,128,1.0,1
N791,2020-11-30,2020-12-06,9,9.3e-05,9.3e-05,11,7,11,11,9.363636363636363,103,4.0,1
N791,2020-12-07,2020-12-13,10,0.002057,0.00215,16,6,11,12,7.3125,117,1.304,10
N791,2020-12-14,2020-12-20,11,0.002231,0.00438,14,8,12,12,8.214285714285714,115,1.667,3
N791,2020-12-21,2020-12-27,12,0.002161,0.006541,15,4,12,12,6.933333333333334,104,1.443,4
N791,2020-12-28,2021-01-03,13,0.005002,0.011543,22,11,12,12,5.363636363636363,118,1.584,12
N791,2021-01-04,2021-01-10,14,0.004688,0.016231,19,9,12,1,7.0,133,1.52,9
N791,2021-01-11,2021-01-17,15,0.00908,0.025311,26,16,12,1,7.423076923076923,193,1.293,12
N791,2021-01-18,2021-01-24,16,0.005551,0.030862,22,8,12,1,6.7272727272727275,148,1.44,11
N791,2021-01-25,2021-01-31,17,0.01162,0.042483,19,8,12,1,8.263157894736842,157,1.296,14
N791,2021-02-01,2021-02-07,18,0.00801,0.050493,18,13,12,2,6.555555555555555,118,1.72,10
N791,2021-02-08,2021-02-14,19,0.003254,0.053747,20,12,12,2,7.6,152,1.606,9
N791,2021-02-15,2021-02-21,20,0.000751,0.054498,14,3,12,2,11.0,154,1.589,3
N791,2021-02-22,2021-02-28,21,0.005789,0.060288,30,19,12,2,13.366666666666667,401,1.449,10
N791,2021-03-01,2021-03-07,22,0.003437,0.063725,29,9,12,3,15.172413793103448,440,1.403,9
N791,2021-03-08,2021-03-14,23,0.007186,0.070911,35,15,12,3,16.285714285714285,570,1.454,13
N791,2021-03-15,2021-03-21,24,0.011696,0.082607,39,17,12,3,18.871794871794872,736,1.424,16
N791,2021-03-22,2021-03-28,25,0.009416,0.092023,34,11,12,3,20.5,697,1.253,14
N791,2021-03-29,2021-04-04,26,0.003439,0.095462,38,18,12,3,16.86842105263158,641,1.246,11
N791,2021-04-05,2021-04-11,27,0.010082,0.105544,42,15,12,4,16.095238095238095,676,1.253,16
N791,2021-04-12,2021-04-18,28,0.010578,0.116123,58,32,12,4,12.775862068965518,741,1.246,20
N791,2021-04-19,2021-04-25,29,0.016246,0.132369,66,28,12,4,12.212121212121213,806,1.208,35
N791,2021-04-26,2021-05-02,30,0.014598,0.146967,48,17,12,4,14.625,702,1.206,24
N791,2021-05-03,2021-05-09,31,0.015787,0.162755,66,42,12,5,13.757575757575758,908,1.178,31
N791,2021-05-10,2021-05-16,32,0.015254,0.178009,58,23,12,5,15.051724137931034,873,1.17,25
N791,2021-05-17,2021-05-23,33,0.008907,0.186916,57,24,12,5,16.228070175438596,925,1.162,15
N791,2021-05-24,2021-05-30,34,0.022515,0.20943,61,19,12,5,15.754098360655737,961,1.184,33
N791,2021-05-31,2021-06-06,35,0.011982,0.221413,51,23,12,5,18.137254901960784,925,1.177,20
N791,2021-06-07,2021-06-13,36,0.010073,0.231485,54,23,12,6,17.61111111111111,951,1.182,19
N791,2021-06-14,2021-06-20,37,0.011689,0.243175,68,33,12,6,16.058823529411764,1092,1.173,25
N791,2021-06-21,2021-06-27,38,0.016701,0.259876,69,26,12,6,17.318840579710145,1195,1.173,26
N791,2021-06-28,2021-07-04,39,0.013448,0.273324,69,26,12,6,17.014492753623188,1174,1.203,26
N791,2021-07-05,2021-07-11,40,0.017659,0.290983,70,27,12,7,18.357142857142858,1285,1.226,27
N791,2021-07-12,2021-07-18,41,0.011752,0.302735,68,25,12,7,17.029411764705884,1158,1.222,21
N791,2021-07-19,2021-07-25,42,0.01499,0.317725,66,19,12,7,19.0,1254,1.223,26
N791,2021-07-26,2021-08-01,43,0.025988,0.343714,81,41,12,7,14.876543209876543,1205,1.248,40
N791,2021-08-02,2021-08-08,44,0.0176,0.361314,66,25,12,8,17.348484848484848,1145,1.238,24
N791,2021-08-09,2021-08-15,45,0.019578,0.380892,70,28,12,8,18.34285714285714,1284,1.22,34
N791,2021-08-16,2021-08-22,46,0.015864,0.396756,56,20,12,8,19.982142857142858,1119,1.206,21
N791,2021-08-23,2021-08-29,47,0.014183,0.410939,87,52,12,8,15.885057471264368,1382,1.185,28
N791,2021-08-30,2021-09-05,48,0.023071,0.43401,86,27,12,8,16.372093023255815,1408,1.157,41
N791,2021-09-06,2021-09-12,49,0.022266,0.456276,82,37,12,9,15.231707317073171,1249,1.139,27
N791,2021-09-13,2021-09-19,50,0.054477,0.510753,104,49,12,9,12.721153846153847,1323,1.119,82
N791,2021-09-20,2021-09-26,51,0.019913,0.530666,48,26,14,9,10.3125,495,1.108,32
N791,2021-09-27,2021-10-03,52,0.009564,0.54023,115,99,15,9,14.582608695652175,1677,1.099,30
N791,2021-10-04,2021-10-10,53,0.031694,0.571923,127,42,15,10,14.181102362204724,1801,1.082,60
N791,2021-10-11,2021-10-17,54,0.026831,0.598755,123,56,15,10,15.40650406504065,1895,1.072,56
N791,2021-10-18,2021-10-24,55,0.027256,0.626011,130,63,15,10,16.93076923076923,2201,1.064,41
N791,2021-10-25,2021-10-31,56,0.033459,0.65947,124,35,15,10,16.830645161290324,2087,1.07,58
N791,2021-11-01,2021-11-07,57,0.024464,0.683934,97,31,15,11,20.010309278350515,1941,1.067,35
N791,2021-11-08,2021-11-14,58,0.023394,0.707328,92,30,15,11,18.847826086956523,1734,1.06,33
N791,2021-11-15,2021-11-21,59,0.044462,0.751789,88,29,15,11,18.53409090909091,1631,1.061,46
N791,2021-11-22,2021-11-28,60,0.016107,0.767896,129,87,15,11,13.751937984496124,1774,1.066,25
N791,2021-11-29,2021-12-05,61,0.038337,0.806233,136,32,15,11,13.720588235294118,1866,1.092,58
N791,2021-12-06,2021-12-12,62,0.025467,0.8317,112,34,15,12,16.508928571428573,1849,1.097,35
N791,2021-12-13,2021-12-19,63,0.026196,0.857896,93,16,15,12,17.06451612903226,1587,1.106,34
N791,2021-12-20,2021-12-26,64,0.034475,0.892371,73,14,15,12,17.123287671232877,1250,1.113,36
N791,2021-12-27,2022-01-02,65,0.020794,0.913165,48,11,15,12,19.333333333333332,928,1.112,17
N791,2022-01-03,2022-01-09,66,0.019586,0.932752,37,6,15,1,18.513513513513512,685,1.11,18
N791,2022-01-10,2022-01-16,67,0.012011,0.944763,27,8,15,1,20.962962962962962,566,1.112,11
N791,2022-01-17,2022-01-23,68,0.007852,0.952614,16,0,15,1,25.25,404,1.116,7
N791,2022-01-24,2022-01-30,69,0.005224,0.957839,9,0,15,1,28.0,252,1.112,4
N791,2022-01-31,2022-02-06,70,0.001877,0.959715,17,12,15,1,14.235294117647058,242,1.117,2
N791,2022-02-07,2022-02-13,71,0.0,0.959715,16,1,15,2,15.3125,245,1.117,2
N791,2022-02-14,2022-02-20,72,0.003175,0.96289,24,10,15,2,16.666666666666668,400,1.117,2
N791,2022-02-21,2022-02-27,73,0.011744,0.974634,22,0,15,2,17.363636363636363,382,1.124,13
N791,2022-02-28,2022-03-06,74,0.006348,0.980981,16,7,15,2,20.5,328,1.12,5
N791,2022-03-07,2022-03-13,75,0.003558,0.984539,13,2,15,3,19.76923076923077,257,1.126,4
N791,2022-03-14,2022-03-20,76,0.005277,0.989816,15,6,15,3,21.333333333333332,320,1.125,6
N791,2022-03-21,2022-03-27,77,0.001481,0.991297,9,0,15,3,18.88888888888889,170,1.124,4
N791,2022-03-28,2022-04-03,78,0.000436,0.991733,6,1,15,3,18.666666666666668,112,1.125,2
N791,2022-04-04,2022-04-10,79,0.0,0.991733,5,1,15,4,24.8,124,1.125,0
N791,2022-04-11,2022-04-17,80,0.0,0.991733,5,0,15,4,24.8,124,1.125,0
N791,2022-04-18,2022-04-24,81,0.0,0.991733,5,0,15,4,24.8,124,1.125,0
N791,2022-04-25,2022-05-01,82,0.000889,0.992622,5,0,15,4,24.8,124,1.128,1
N791,2022-05-02,2022-05-08,83,0.0,0.992622,4,0,15,5,28.5,114,1.128,1
N791,2022-05-09,2022-05-15,84,0.0,0.992622,4,1,15,5,22.75,91,1.128,0
N791,2022-05-16,2022-05-22,85,0.001111,0.993733,4,0,15,5,22.75,91,1.128,1
N791,2022-05-23,2022-05-29,86,0.0,0.993733,4,1,15,5,22.75,91,1.128,0
N791,2022-05-30,2022-06-05,87,0.002494,0.996227,4,0,15,5,22.75,91,1.132,3
N791,2022-06-06,2022-06-12,88,0.001111,0.997338,1,0,15,6,14.0,14,1.136,1
N836,2023-01-30,2023-02-05,1,0.0,0.0,4,4,0,1,6.0,24,1.0,0
N836,2023-02-06,2023-02-12,2,0.000403,0.000403,5,1,0,2,6.2,31,1.0,3
N836,2023-02-13,2023-02-19,3,0.002016,0.002419,3,1,2,2,25.666666666666668,77,1.0,1
N836,2023-02-20,2023-02-26,4,0.001613,0.004032,3,1,2,2,28.333333333333332,85,0.931,1
N836,2023-02-27,2023-03-05,5,0.000403,0.004435,6,4,2,2,59.5,357,0.818,2
N836,2023-03-06,2023-03-12,6,0.0,0.004435,5,1,2,3,71.4,357,0.818,0
N836,2023-03-13,2023-03-19,7,0.0,0.004435,6,1,2,3,64.5,387,0.818,0
N836,2023-03-20,2023-03-26,8,0.003226,0.007661,7,1,2,3,58.142857142857146,407,0.861,2
N836,2023-03-27,2023-04-02,9,0.0,0.007661,7,2,2,3,61.714285714285715,432,0.861,0
N836,2023-04-03,2023-04-09,10,0.004032,0.011694,10,3,2,4,56.6,566,0.915,1
N836,2023-04-10,2023-04-16,11,0.006856,0.018549,12,3,2,4,52.666666666666664,632,0.95,3
N836,2023-04-17,2023-04-23,12,0.0,0.018549,11,2,2,4,61.09090909090909,672,0.95,0
N836,2023-04-24,2023-04-30,13,0.0,0.018549,11,0,2,4,61.09090909090909,672,0.95,0
N836,2023-05-01,2023-05-07,14,0.002016,0.020565,13,2,2,5,59.0,767,0.988,2
N836,2023-05-08,2023-05-14,15,0.004839,0.025404,14,3,2,5,56.357142857142854,789,0.963,2
N836,2023-05-15,2023-05-21,16,0.006452,0.031856,12,0,2,5,61.583333333333336,739,0.873,2
N836,2023-05-22,2023-05-28,17,0.014516,0.046372,11,1,2,5,51.72727272727273,569,0.876,3
N836,2023-05-29,2023-06-04,18,0.003629,0.050001,10,2,2,5,49.2,492,0.882,3
N836,2023-06-05,2023-06-11,19,0.000806,0.050807,11,4,2,6,46.63636363636363,513,0.872,2
N836,2023-06-12,2023-06-18,20,0.002419,0.053227,9,0,2,6,51.22222222222222,461,0.86,1
N836,2023-06-19,2023-06-25,21,0.004435,0.057662,11,3,2,6,47.81818181818182,526,0.825,2
N836,2023-06-26,2023-07-02,22,0.000806,0.058468,10,1,2,6,37.0,370,0.843,1
N836,2023-07-03,2023-07-09,23,0.0,0.058468,9,0,2,7,36.111111111111114,325,0.843,0
N836,2023-07-10,2023-07-16,24,0.0,0.058468,10,1,2,7,35.6,356,0.843,0
N836,2023-07-17,2023-07-23,25,0.0,0.058468,10,0,2,7,35.6,356,0.843,0
N836,2023-07-24,2023-07-30,26,0.0,0.058468,11,1,2,7,34.63636363636363,381,0.843,0
N836,2023-07-31,2023-08-06,27,0.002419,0.060887,12,1,2,7,32.916666666666664,395,0.921,1
N836,2023-08-07,2023-08-13,28,0.008065,0.068952,12,1,2,8,33.333333333333336,400,0.971,2
N836,2023-08-14,2023-08-20,29,0.006452,0.075403,11,1,2,8,30.545454545454547,336,1.025,2
N836,2023-08-21,2023-08-27,30,0.00121,0.076613,9,0,2,8,29.11111111111111,262,1.028,1
N836,2023-08-28,2023-09-03,31,0.00121,0.077823,11,3,2,8,34.27272727272727,377,1.073,1
N836,2023-09-04,2023-09-10,32,0.003629,0.081452,15,5,2,9,30.8,462,1.047,2
N836,2023-09-11,2023-09-17,33,0.003226,0.084677,14,1,2,9,31.214285714285715,437,1.067,1
N836,2023-09-18,2023-09-24,34,0.002419,0.087097,15,2,2,9,33.06666666666667,496,1.113,1
N836,2023-09-25,2023-10-01,35,0.0,0.087097,16,2,2,9,34.5,552,1.113,0
N836,2023-10-02,2023-10-08,36,0.010484,0.097581,17,1,2,10,32.64705882352941,555,1.242,3
N836,2023-10-09,2023-10-15,37,0.005242,0.102823,19,5,2,10,31.57894736842105,600,1.311,5
N836,2023-10-16,2023-10-22,38,0.000403,0.103226,17,3,2,10,39.1764705882353,666,1.333,1
N836,2023-10-23,2023-10-29,39,0.00121,0.104435,17,1,2,10,40.35294117647059,686,1.327,1
N836,2023-10-30,2023-11-05,40,0.0,0.104435,18,2,2,10,37.27777777777778,671,1.327,0
N836,2023-11-06,2023-11-12,41,0.004839,0.109274,22,4,2,11,37.31818181818182,821,1.305,3
N836,2023-11-13,2023-11-19,42,0.004839,0.114113,22,3,2,11,40.04545454545455,881,1.307,2
N836,2023-11-20,2023-11-26,43,0.010887,0.125,25,5,2,11,39.84,996,1.348,4
N836,2023-11-27,2023-12-03,44,0.002419,0.127419,25,4,2,11,39.4,985,1.37,2
N836,2023-12-04,2023-12-10,45,0.002419,0.129839,24,1,2,12,40.833333333333336,980,1.358,1
N836,2023-12-11,2023-12-17,46,0.011694,0.141532,24,1,2,12,41.25,990,1.341,4
N836,2023-12-18,2023-12-24,47,0.006855,0.148387,29,9,2,12,51.03448275862069,1480,1.371,4
N836,2023-12-25,2023-12-31,48,0.020968,0.169355,34,9,2,12,56.1764705882353,1910,1.312,7
N836,2024-01-01,2024-01-07,49,0.0,0.169355,29,2,2,1,63.275862068965516,1835,1.312,0
N836,2024-01-08,2024-01-14,50,0.002419,0.171774,35,6,2,1,65.48571428571428,2292,1.307,2
N836,2024-01-15,2024-01-21,51,0.023656,0.195431,43,10,2,1,71.11627906976744,3058,1.289,8
N836,2024-01-22,2024-01-28,52,0.024194,0.219624,37,2,2,1,77.51351351351352,2868,1.271,6
N836,2024-01-29,2024-02-04,53,0.0,0.219624,31,0,2,1,84.7741935483871,2628,1.271,0
N836,2024-02-05,2024-02-11,54,0.0,0.219624,31,0,2,2,84.7741935483871,2628,1.271,0
N836,2024-02-12,2024-02-18,55,0.016129,0.235753,31,0,2,2,84.7741935483871,2628,1.271,2
N836,2024-02-19,2024-02-25,56,0.0,0.235753,32,3,2,2,84.3125,2698,1.271,0
N836,2024-02-26,2024-03-03,57,0.0,0.235753,42,10,2,2,71.14285714285714,2988,1.271,0
N836,2024-03-04,2024-03-10,58,0.0,0.235753,45,3,2,3,68.4,3078,1.271,0
N836,2024-03-11,2024-03-17,59,0.013978,0.249731,59,14,2,3,63.52542372881356,3748,1.288,4
N836,2024-03-18,2024-03-24,60,0.025,0.274731,64,9,2,3,63.40625,4058,1.264,4
N836,2024-03-25,2024-03-31,61,0.040322,0.315053,65,5,2,3,61.323076923076925,3986,1.29,13
N836,2024-04-01,2024-04-07,62,0.004032,0.319085,65,13,2,4,61.33846153846154,3987,1.255,4
N836,2024-04-08,2024-04-14,63,0.044221,0.363306,76,15,2,4,58.13157894736842,4418,1.245,12
N836,2024-04-15,2024-04-21,64,0.007661,0.370968,80,16,2,4,55.225,4418,1.237,6
N836,2024-04-22,2024-04-28,65,0.049998,0.420966,84,10,2,4,55.595238095238095,4670,1.219,10
N836,2024-04-29,2024-05-05,66,0.013715,0.434681,78,4,2,4,56.52564102564103,4409,1.201,7
N836,2024-05-06,2024-05-12,67,0.012903,0.447584,80,9,2,5,53.575,4286,1.21,3
N836,2024-05-13,2024-05-19,68,0.025,0.472584,84,7,2,5,49.63095238095238,4169,1.204,12
N836,2024-05-20,2024-05-26,69,0.03871,0.511294,90,18,2,5,49.46666666666667,4452,1.192,12
N836,2024-05-27,2024-06-02,70,0.031452,0.542745,84,6,2,5,50.154761904761905,4213,1.192,5
N836,2024-06-03,2024-06-09,71,0.016115,0.55886,80,1,2,6,48.2625,3861,1.205,7
N836,2024-06-10,2024-06-16,72,0.035495,0.594356,77,4,2,6,48.81818181818182,3759,1.206,8
N836,2024-06-17,2024-06-23,73,0.010081,0.604436,74,5,2,6,47.41891891891892,3509,1.209,3
N836,2024-06-24,2024-06-30,74,0.03022,0.634656,84,13,2,6,43.095238095238095,3620,1.228,11
N836,2024-07-01,2024-07-07,75,0.000403,0.63506,73,0,2,7,45.3013698630137,3307,1.227,1
N836,2024-07-08,2024-07-14,76,0.0,0.63506,75,3,2,7,44.96,3372,1.227,2
N836,2024-07-15,2024-07-21,77,0.005645,0.640705,82,9,2,7,43.28048780487805,3549,1.236,4
N836,2024-07-22,2024-07-28,78,0.044355,0.68506,84,6,2,7,43.273809523809526,3635,1.248,9
N836,2024-07-29,2024-08-04,79,0.000403,0.685463,77,2,2,7,41.4025974025974,3188,1.246,1
N836,2024-08-05,2024-08-11,80,0.0,0.685463,76,0,2,8,41.75,3173,1.246,0
N836,2024-08-12,2024-08-18,81,0.065323,0.750785,77,1,2,8,41.33766233766234,3183,1.348,18
N836,2024-08-19,2024-08-25,82,0.016129,0.766915,60,1,2,8,30.666666666666668,1840,1.355,2
N836,2024-08-26,2024-09-01,83,0.0,0.766915,58,0,2,8,29.655172413793103,1720,1.355,1
N836,2024-09-02,2024-09-08,84,0.008065,0.774979,61,4,2,9,29.016393442622952,1770,1.351,1
N836,2024-09-09,2024-09-15,85,0.016129,0.791108,62,2,2,9,28.870967741935484,1790,1.354,4
N836,2024-09-16,2024-09-22,86,0.039919,0.831027,58,0,2,9,29.017241379310345,1683,1.391,7
N836,2024-09-23,2024-09-29,87,0.090646,0.921673,53,2,2,9,25.754716981132077,1365,1.626,34
N836,2024-09-30,2024-10-06,88,0.0,0.921673,19,0,2,9,28.157894736842106,535,1.638,1
N836,2024-10-07,2024-10-13,89,0.0,0.921673,18,0,2,10,28.61111111111111,515,1.648,1
N836,2024-10-14,2024-10-20,90,0.02631,0.947984,17,0,2,10,27.352941176470587,465,1.725,9
N836,2024-10-21,2024-10-27,91,0.016532,0.964516,8,0,2,10,25.875,207,1.752,3
N836,2024-10-28,2024-11-03,92,0.0,0.964516,5,0,2,10,22.4,112,1.752,0
N836,2024-11-04,2024-11-10,93,0.008065,0.972581,5,0,2,11,22.4,112,1.762,1
N836,2024-11-11,2024-11-17,94,0.0,0.972581,4,0,2,11,20.5,82,1.762,0
N836,2024-11-18,2024-11-24,95,0.027419,1.0,4,0,2,11,20.5,82,1.771,4
N825,2022-01-24,2022-01-30,1,0.0,0.0,1,0,75,1,15.0,15,1.0,0
N825,2022-01-31,2022-02-06,2,0.0,0.0,1,0,75,1,15.0,15,1.0,0
N825,2022-02-07,2022-02-13,3,0.0,0.0,1,0,75,2,15.0,15,1.0,0
N825,2022-02-14,2022-02-20,4,2.4e-05,2.4e-05,12,11,75,2,33.0,396,1.0,5
N825,2022-02-21,2022-02-27,5,0.000127,0.00015,11,4,75,2,39.36363636363637,433,1.048,3
N825,2022-02-28,2022-03-06,6,0.00548,0.00563,15,7,75,2,43.86666666666667,658,1.022,4
N825,2022-03-07,2022-03-13,7,0.002737,0.008367,15,4,75,3,43.46666666666667,652,1.036,2
N825,2022-03-14,2022-03-20,8,0.005578,0.013945,21,8,75,3,32.23809523809524,677,1.037,7
N825,2022-03-21,2022-03-27,9,0.005479,0.019424,21,7,75,3,32.57142857142857,684,1.014,3
N825,2022-03-28,2022-04-03,10,0.005481,0.024905,23,5,75,3,33.73913043478261,776,0.949,3
N825,2022-04-04,2022-04-10,11,0.011069,0.035974,28,8,75,4,30.25,847,1.059,7
N825,2022-04-11,2022-04-17,12,0.005494,0.041467,28,7,75,4,37.32142857142857,1045,1.051,3
N825,2022-04-18,2022-04-24,13,0.010947,0.052415,28,3,75,4,40.607142857142854,1137,1.234,4
N825,2022-04-25,2022-05-01,14,0.005474,0.057888,32,8,75,4,38.40625,1229,1.162,2
N825,2022-05-02,2022-05-08,15,0.005748,0.063637,33,3,75,5,38.696969696969695,1277,1.201,3
N825,2022-05-09,2022-05-15,16,0.000297,0.063934,33,3,75,5,37.18181818181818,1227,1.242,4
N825,2022-05-16,2022-05-22,17,0.007136,0.07107,34,5,75,5,38.8235294117647,1320,1.447,7
N825,2022-05-23,2022-05-29,18,0.000188,0.071259,32,5,75,5,43.96875,1407,1.42,1
N825,2022-05-30,2022-06-05,19,0.003322,0.07458,41,10,75,5,42.75609756097561,1753,1.473,2
N825,2022-06-06,2022-06-12,20,0.011544,0.086125,49,10,75,6,38.16326530612245,1870,1.409,6
N825,2022-06-13,2022-06-19,21,0.003729,0.089854,49,6,75,6,36.57142857142857,1792,1.398,3
N825,2022-06-20,2022-06-26,22,0.013595,0.103449,53,7,75,6,35.320754716981135,1872,1.438,14
N825,2022-06-27,2022-07-03,23,0.001592,0.105041,49,10,75,6,37.46938775510204,1836,1.503,5
N825,2022-07-04,2022-07-10,24,0.001417,0.106458,57,13,75,7,35.73684210526316,2037,1.522,3
N825,2022-07-11,2022-07-17,25,0.007479,0.113938,68,14,75,7,32.23529411764706,2192,1.605,8
N825,2022-07-18,2022-07-24,26,0.01378,0.127718,71,11,75,7,32.61971830985915,2316,1.673,15
N825,2022-07-25,2022-07-31,27,0.005733,0.133451,65,9,75,7,34.95384615384615,2272,1.7,7
N825,2022-08-01,2022-08-07,28,0.015421,0.148872,73,15,75,8,34.178082191780824,2495,1.642,12
N825,2022-08-08,2022-08-14,29,0.00875,0.157622,81,20,75,8,34.96296296296296,2832,1.597,11
N825,2022-08-15,2022-08-21,30,0.001649,0.15927,81,11,75,8,37.02469135802469,2999,1.602,3
N825,2022-08-22,2022-08-28,31,0.003391,0.162662,89,11,75,8,38.640449438202246,3439,1.59,4
N825,2022-08-29,2022-09-04,32,0.012219,0.17488,111,26,75,8,37.585585585585584,4172,1.633,12
N825,2022-09-05,2022-09-11,33,0.017451,0.192331,115,16,75,9,38.87826086956522,4471,1.637,12
N825,2022-09-12,2022-09-18,34,0.008981,0.201313,106,3,75,9,40.43396226415094,4286,1.648,8
N825,2022-09-19,2022-09-25,35,0.006413,0.207726,125,27,75,9,37.856,4732,1.619,6
N825,2022-09-26,2022-10-02,36,0.006464,0.21419,151,32,75,9,35.03973509933775,5291,1.619,4
N825,2022-10-03,2022-10-09,37,0.005488,0.219678,161,14,75,10,34.91925465838509,5622,1.621,9
N825,2022-10-10,2022-10-16,38,0.016052,0.235731,161,9,75,10,36.04968944099379,5804,1.636,8
N825,2022-10-17,2022-10-23,39,0.010989,0.24672,165,12,75,10,36.624242424242425,6043,1.636,10
N825,2022-10-24,2022-10-30,40,0.004282,0.251002,170,15,75,10,35.694117647058825,6068,1.665,11
N825,2022-10-31,2022-11-06,41,0.005428,0.25643,175,16,75,10,35.902857142857144,6283,1.705,7
N825,2022-11-07,2022-11-13,42,0.01745,0.27388,180,12,75,11,37.32222222222222,6718,1.71,11
N825,2022-11-14,2022-11-20,43,0.008037,0.281916,182,13,75,11,37.07692307692308,6748,1.721,6
N825,2022-11-21,2022-11-27,44,0.003981,0.285897,185,9,75,11,36.891891891891895,6825,1.72,3
N825,2022-11-28,2022-12-04,45,0.037003,0.3229,207,25,76,11,34.71980676328502,7187,1.745,23
N825,2022-12-05,2022-12-11,46,0.002838,0.325737,197,13,76,12,34.17258883248731,6732,1.789,8
N825,2022-12-12,2022-12-18,47,0.008134,0.333871,200,11,76,12,33.755,6751,1.861,22
N825,2022-12-19,2022-12-25,48,0.004921,0.338793,185,7,76,12,35.832432432432434,6629,1.896,6
N825,2022-12-26,2023-01-01,49,0.012157,0.350949,192,13,76,12,35.364583333333336,6790,1.969,11
N825,2023-01-02,2023-01-08,50,0.008057,0.359006,186,5,76,1,35.53763440860215,6610,1.949,7
N825,2023-01-09,2023-01-15,51,0.081121,0.440128,184,5,76,1,35.29347826086956,6494,2.091,34
N825,2023-01-16,2023-01-22,52,0.032488,0.472616,165,15,76,1,33.096969696969694,5461,2.181,25
N825,2023-01-23,2023-01-29,53,0.058453,0.531069,149,9,76,1,34.993288590604024,5214,2.296,25
N825,2023-01-30,2023-02-05,54,0.008409,0.539478,134,10,76,1,35.43283582089552,4748,2.317,13
N825,2023-02-06,2023-02-12,55,0.018674,0.558153,128,7,76,2,35.078125,4490,2.337,17
N825,2023-02-13,2023-02-19,56,0.007841,0.565994,126,15,76,2,34.642857142857146,4365,2.354,12
N825,2023-02-20,2023-02-26,57,0.009781,0.575775,129,15,76,2,34.91472868217054,4504,2.386,9
N825,2023-02-27,2023-03-05,58,0.017373,0.593148,132,12,76,2,34.628787878787875,4571,2.434,15
N825,2023-03-06,2023-03-12,59,0.024486,0.617634,125,8,76,3,34.896,4362,2.422,20
N825,2023-03-13,2023-03-19,60,0.024456,0.64209,113,8,76,3,36.51327433628319,4126,2.418,16
N825,2023-03-20,2023-03-26,61,0.009425,0.651515,97,0,76,3,40.45360824742268,3924,2.401,8
N825,2023-03-27,2023-04-02,62,0.005474,0.656989,92,3,76,3,40.25,3703,2.408,2
N825,2023-04-03,2023-04-09,63,0.002737,0.659726,90,0,76,4,40.56666666666667,3651,2.407,1
N825,2023-04-10,2023-04-16,64,0.004139,0.663864,99,10,76,4,38.78787878787879,3840,2.404,3
N825,2023-04-17,2023-04-23,65,0.000334,0.664198,100,4,76,4,38.36,3836,2.403,2
N825,2023-04-24,2023-04-30,66,0.00307,0.667268,99,1,76,4,38.24242424242424,3786,2.402,2
N825,2023-05-01,2023-05-07,67,0.0,0.667268,102,5,76,5,37.333333333333336,3808,2.402,0
N825,2023-05-08,2023-05-14,68,0.004329,0.671598,107,5,76,5,35.88785046728972,3840,2.411,7
N825,2023-05-15,2023-05-21,69,0.008021,0.679619,103,3,76,5,36.84466019417476,3795,2.417,6
N825,2023-05-22,2023-05-28,70,0.002984,0.682603,103,6,76,5,36.922330097087375,3803,2.416,4
N825,2023-05-29,2023-06-04,71,0.12405,0.806653,118,19,76,5,34.29661016949152,4047,3.246,78
N825,2023-06-05,2023-06-11,72,0.000282,0.806935,41,1,76,6,44.292682926829265,1816,3.245,1
N825,2023-06-12,2023-06-18,73,0.000518,0.807452,42,2,76,6,43.333333333333336,1820,3.243,2
N825,2023-06-19,2023-06-25,74,0.003255,0.810707,43,3,76,6,42.906976744186046,1845,3.241,2
N825,2023-06-26,2023-07-02,75,0.018389,0.829096,61,20,76,6,34.50819672131148,2105,3.227,27
N825,2023-07-03,2023-07-09,76,0.00138,0.830476,35,1,76,7,43.8,1533,3.223,3
N825,2023-07-10,2023-07-16,77,0.001606,0.832082,35,3,76,7,43.74285714285714,1531,3.216,4
N825,2023-07-17,2023-07-23,78,0.002199,0.834281,33,2,76,7,45.666666666666664,1507,3.207,4
N825,2023-07-24,2023-07-30,79,0.000325,0.834606,32,3,76,7,46.71875,1495,3.206,2
N825,2023-07-31,2023-08-06,80,0.000464,0.83507,33,3,76,7,45.78787878787879,1511,3.204,1
N825,2023-08-07,2023-08-13,81,0.000139,0.835209,36,4,76,8,43.388888888888886,1562,3.204,1
N825,2023-08-14,2023-08-20,82,0.003154,0.838363,47,12,76,8,36.40425531914894,1711,3.195,3
N825,2023-08-21,2023-08-27,83,0.011032,0.849395,70,26,76,8,29.042857142857144,2033,3.184,22
N825,2023-08-28,2023-09-03,84,0.00108,0.850475,50,2,76,8,34.56,1728,3.181,2
N825,2023-09-04,2023-09-10,85,0.001015,0.851489,54,6,76,9,32.666666666666664,1764,3.177,4
N825,2023-09-11,2023-09-17,86,0.00606,0.857549,56,6,76,9,31.053571428571427,1739,3.164,10
N825,2023-09-18,2023-09-24,87,0.012492,0.870042,57,11,76,9,31.333333333333332,1786,3.17,32
N825,2023-09-25,2023-10-01,88,0.0,0.870042,25,0,76,9,36.08,902,3.17,0
N825,2023-10-02,2023-10-08,89,0.0,0.870042,26,1,76,10,35.07692307692308,912,3.17,1
N825,2023-10-09,2023-10-15,90,0.005803,0.875845,25,0,76,10,36.0,900,3.177,4
N825,2023-10-16,2023-10-22,91,0.0,0.875845,24,3,76,10,35.583333333333336,854,3.177,1
N825,2023-10-23,2023-10-29,92,0.009008,0.884853,26,3,76,10,32.92307692307692,856,3.217,15
N825,2023-10-30,2023-11-05,93,0.000714,0.885567,14,3,76,10,41.285714285714285,578,3.216,2
N825,2023-11-06,2023-11-12,94,0.009743,0.89531,17,5,76,11,35.11764705882353,597,3.211,5
N825,2023-11-13,2023-11-19,95,0.000833,0.896142,12,0,76,11,47.416666666666664,569,3.21,1
N825,2023-11-20,2023-11-26,96,0.010947,0.90709,13,2,76,11,43.38461538461539,564,3.179,4
N825,2023-11-27,2023-12-03,97,0.014759,0.921849,9,0,76,11,29.666666666666668,267,3.214,9
